Year,State,Age Group,Total ,Male,Female
,,,('000),('000),('000)
2015,Johor, 0 - 4,293.4,152.1,141.3
2015,Johor, 5 - 9,287.1,148.8,138.3
2015,Johor, 10 - 14,311.9,160.9,151
2015,Johor, 15 - 19,321.2,168.8,152.4
2015,Johor, 20 - 24,340.8,187.7,153
2015,Johor, 25 - 29,342,192.5,149.5
2015,Johor, 30 - 34,318,172.7,145.3
2015,Johor, 35 - 39,259.7,141.1,118.6
2015,Johor, 40 - 44,231.2,121.6,109.5
2015,Johor, 45 - 49,210.5,108.1,102.4
2015,Johor, 50 - 54,188,99.2,88.8
2015,Johor, 55 - 59,158.7,81,77.7
2015,Johor, 60 - 64,121.5,61.5,59.9
2015,Johor, 65 - 69,90.8,46.2,44.5
2015,Johor, 70 - 74,56.4,28.5,27.9
2015,Johor, 75 - 79,40.3,19.9,20.4
2015,Johor, 80 - 84,20.3,9.9,10.4
2015,Johor, 85+,18.5,9.1,9.3
2015,Kedah, 0 - 4,183.3,94.4,88.9
2015,Kedah, 5 - 9,173,88.9,84.1
2015,Kedah, 10 - 14,186.8,96.3,90.5
2015,Kedah, 15 - 19,221,116.1,104.9
2015,Kedah, 20 - 24,206.9,108.9,97.9
2015,Kedah, 25 - 29,174.8,92.1,82.7
2015,Kedah, 30 - 34,146.5,75.4,71.1
2015,Kedah, 35 - 39,127,64.9,62.1
2015,Kedah, 40 - 44,122.7,59.9,62.8
2015,Kedah, 45 - 49,118.4,57.7,60.7
2015,Kedah, 50 - 54,112.7,55.7,56.9
2015,Kedah, 55 - 59,98.8,47.8,50.9
2015,Kedah, 60 - 64,79,38,41
2015,Kedah, 65 - 69,57.6,28,29.6
2015,Kedah, 70 - 74,35.9,16.4,19.5
2015,Kedah, 75 - 79,28.5,12.5,15.9
2015,Kedah, 80 - 84,12.6,5.4,7.2
2015,Kedah, 85+,11.1,4.6,6.6
2015,Kelantan, 0 - 4,193.1,98.2,94.8
2015,Kelantan, 5 - 9,173.4,90.9,82.5
2015,Kelantan, 10 - 14,183.7,95,88.7
2015,Kelantan, 15 - 19,194,99.6,94.3
2015,Kelantan, 20 - 24,196.6,102.7,93.9
2015,Kelantan, 25 - 29,129.1,69,60.1
2015,Kelantan, 30 - 34,107.2,57.4,49.8
2015,Kelantan, 35 - 39,90.8,45.8,44.9
2015,Kelantan, 40 - 44,87.4,40.7,46.7
2015,Kelantan, 45 - 49,87.3,40.4,46.9
2015,Kelantan, 50 - 54,84.9,39.8,45.1
2015,Kelantan, 55 - 59,72.7,34.1,38.6
2015,Kelantan, 60 - 64,55.5,26.3,29.2
2015,Kelantan, 65 - 69,43.3,20.9,22.4
2015,Kelantan, 70 - 74,26.7,11.8,15
2015,Kelantan, 75 - 79,17.8,7.9,9.9
2015,Kelantan, 80 - 84,8.7,3.8,5
2015,Kelantan, 85+,8.3,3.4,5
2015,Melaka, 0 - 4,69.9,35.8,34.1
2015,Melaka, 5 - 9,68.7,34.6,34.1
2015,Melaka, 10 - 14,72.1,37.2,34.9
2015,Melaka, 15 - 19,81,42.6,38.4
2015,Melaka, 20 - 24,104.5,53.1,51.4
2015,Melaka, 25 - 29,85.4,44.9,40.5
2015,Melaka, 30 - 34,68.9,34.9,34
2015,Melaka, 35 - 39,53,27.1,25.9
2015,Melaka, 40 - 44,48.5,24.1,24.4
2015,Melaka, 45 - 49,50.4,23.2,27.2
2015,Melaka, 50 - 54,48,24.2,23.8
2015,Melaka, 55 - 59,41.2,20.1,21.1
2015,Melaka, 60 - 64,32.5,15.8,16.7
2015,Melaka, 65 - 69,26.3,12.2,14.1
2015,Melaka, 70 - 74,16.2,7.9,8.4
2015,Melaka, 75 - 79,11.4,5.4,6.1
2015,Melaka, 80 - 84,5.5,2.5,3
2015,Melaka, 85+,5.3,2.3,2.9
2015,Negeri Sembilan, 0 - 4,86.7,44.4,42.3
2015,Negeri Sembilan, 5 - 9,83.5,42.3,41.2
2015,Negeri Sembilan, 10 - 14,95.7,50.5,45.2
2015,Negeri Sembilan, 15 - 19,103.5,56.3,47.2
2015,Negeri Sembilan, 20 - 24,116.7,63,53.7
2015,Negeri Sembilan, 25 - 29,103.9,57.5,46.4
2015,Negeri Sembilan, 30 - 34,81.9,44,37.9
2015,Negeri Sembilan, 35 - 39,68,35.7,32.3
2015,Negeri Sembilan, 40 - 44,61.4,30.6,30.8
2015,Negeri Sembilan, 45 - 49,58.7,28.4,30.3
2015,Negeri Sembilan, 50 - 54,58.2,28.4,29.8
2015,Negeri Sembilan, 55 - 59,53.9,26.1,27.8
2015,Negeri Sembilan, 60 - 64,43.3,21.6,21.7
2015,Negeri Sembilan, 65 - 69,29.6,14.6,15
2015,Negeri Sembilan, 70 - 74,18.4,8.8,9.6
2015,Negeri Sembilan, 75 - 79,13.6,6.2,7.4
2015,Negeri Sembilan, 80 - 84,7,3.3,3.7
2015,Negeri Sembilan, 85+,4.8,2,2.8
2015,Pahang, 0 - 4,138.6,71.6,67.1
2015,Pahang, 5 - 9,144.9,76.2,68.7
2015,Pahang, 10 - 14,147.5,77.6,69.8
2015,Pahang, 15 - 19,155.7,82.6,73
2015,Pahang, 20 - 24,167.5,92.9,74.6
2015,Pahang, 25 - 29,145.4,84.1,61.4
2015,Pahang, 30 - 34,139.8,78.8,61
2015,Pahang, 35 - 39,99.4,56.3,43.1
2015,Pahang, 40 - 44,87.1,45.7,41.5
2015,Pahang, 45 - 49,80.8,41.1,39.7
2015,Pahang, 50 - 54,78.4,39.1,39.3
2015,Pahang, 55 - 59,68.8,34.5,34.3
2015,Pahang, 60 - 64,53.6,27.2,26.4
2015,Pahang, 65 - 69,43.1,21.8,21.4
2015,Pahang, 70 - 74,24.3,12.5,11.7
2015,Pahang, 75 - 79,17.7,8.6,9.1
2015,Pahang, 80 - 84,7.9,4,3.9
2015,Pahang, 85+,7.3,3.5,3.7
2015,Penang, 0 - 4,112.3,58.4,53.9
2015,Penang, 5 - 9,113.7,59.2,54.5
2015,Penang, 10 - 14,122.2,62.4,59.8
2015,Penang, 15 - 19,134.2,68.1,66
2015,Penang, 20 - 24,167.7,83.7,84
2015,Penang, 25 - 29,169.5,85.6,83.9
2015,Penang, 30 - 34,154.2,78.2,75.9
2015,Penang, 35 - 39,126,64.1,61.8
2015,Penang, 40 - 44,117,59.5,57.6
2015,Penang, 45 - 49,106.6,52.4,54.2
2015,Penang, 50 - 54,94.9,48,46.9
2015,Penang, 55 - 59,83.3,41.3,41.9
2015,Penang, 60 - 64,68,33.2,34.8
2015,Penang, 65 - 69,53.5,26.2,27.2
2015,Penang, 70 - 74,33,15.5,17.4
2015,Penang, 75 - 79,23.3,10.8,12.5
2015,Penang, 80 - 84,10.7,4.8,5.9
2015,Penang, 85+,8.2,3.5,4.6
2015,Perak, 0 - 4,176.4,88.9,87.5
2015,Perak, 5 - 9,180.7,91.9,88.7
2015,Perak, 10 - 14,221.7,111.7,110.1
2015,Perak, 15 - 19,242.7,121.2,121.5
2015,Perak, 20 - 24,248.2,128,120.2
2015,Perak, 25 - 29,211.5,116.1,95.5
2015,Perak, 30 - 34,157.4,82.4,75
2015,Perak, 35 - 39,141.1,73.2,67.9
2015,Perak, 40 - 44,135.8,68.7,67.1
2015,Perak, 45 - 49,142.6,69.5,73.2
2015,Perak, 50 - 54,141.2,70.5,70.7
2015,Perak, 55 - 59,130.3,65.2,65.1
2015,Perak, 60 - 64,109.6,54,55.6
2015,Perak, 65 - 69,89.4,43.1,46.3
2015,Perak, 70 - 74,56.8,27.7,29
2015,Perak, 75 - 79,44.1,20,24.1
2015,Perak, 80 - 84,22.9,10.2,12.7
2015,Perak, 85+,14.5,7,7.5
2015,Perlis, 0 - 4,21.1,10.8,10.3
2015,Perlis, 5 - 9,20.3,10.5,9.7
2015,Perlis, 10 - 14,20.4,10.3,10.1
2015,Perlis, 15 - 19,22,11,11.1
2015,Perlis, 20 - 24,31.1,15.4,15.7
2015,Perlis, 25 - 29,22.1,12.4,9.7
2015,Perlis, 30 - 34,17,8.5,8.4
2015,Perlis, 35 - 39,12.9,6.3,6.5
2015,Perlis, 40 - 44,12.2,5.5,6.7
2015,Perlis, 45 - 49,13.4,6.5,7
2015,Perlis, 50 - 54,13.5,6.6,7
2015,Perlis, 55 - 59,12.2,5.8,6.3
2015,Perlis, 60 - 64,10.1,4.8,5.3
2015,Perlis, 65 - 69,7.7,3.7,4
2015,Perlis, 70 - 74,5.1,2.4,2.7
2015,Perlis, 75 - 79,3.8,1.7,2.1
2015,Perlis, 80 - 84,1.9,0.8,1.1
2015,Perlis, 85+,1.7,0.7,1
2015,Selangor, 0 - 4,533.4,280.5,252.9
2015,Selangor, 5 - 9,474.2,243.5,230.7
2015,Selangor, 10 - 14,466.4,238.6,227.8
2015,Selangor, 15 - 19,447.6,229.7,217.9
2015,Selangor, 20 - 24,590.1,306.8,283.3
2015,Selangor, 25 - 29,734.7,385.1,349.6
2015,Selangor, 30 - 34,682.5,358.8,323.7
2015,Selangor, 35 - 39,512.9,272.4,240.5
2015,Selangor, 40 - 44,422.6,221.3,201.3
2015,Selangor, 45 - 49,349.8,182.9,166.9
2015,Selangor, 50 - 54,294.4,155.7,138.7
2015,Selangor, 55 - 59,228.9,119.2,109.7
2015,Selangor, 60 - 64,168.3,86.5,81.9
2015,Selangor, 65 - 69,125.1,60.4,64.6
2015,Selangor, 70 - 74,65.6,32.4,33.1
2015,Selangor, 75 - 79,43,20.5,22.5
2015,Selangor, 80 - 84,19.6,9.3,10.3
2015,Selangor, 85+,18.8,8.8,10
2015,Terengganu, 0 - 4,127.8,65.5,62.3
2015,Terengganu, 5 - 9,113.8,58.1,55.7
2015,Terengganu, 10 - 14,118.8,61.1,57.7
2015,Terengganu, 15 - 19,120.2,61.2,58.9
2015,Terengganu, 20 - 24,126.1,64.8,61.2
2015,Terengganu, 25 - 29,103,55.1,47.9
2015,Terengganu, 30 - 34,77.4,41.7,35.8
2015,Terengganu, 35 - 39,63.3,32.5,30.8
2015,Terengganu, 40 - 44,58.8,28.7,30.1
2015,Terengganu, 45 - 49,56.9,27.6,29.3
2015,Terengganu, 50 - 54,54.8,26.9,28
2015,Terengganu, 55 - 59,46,22.7,23.3
2015,Terengganu, 60 - 64,33.8,16.9,16.9
2015,Terengganu, 65 - 69,24.5,12.3,12.2
2015,Terengganu, 70 - 74,16.3,7.5,8.7
2015,Terengganu, 75 - 79,10.2,4.7,5.5
2015,Terengganu, 80 - 84,4.7,2.1,2.6
2015,Terengganu, 85+,4.5,2,2.5
2015,Sabah, 0 - 4,303.7,156.9,146.8
2015,Sabah, 5 - 9,316.5,161.4,155.1
2015,Sabah, 10 - 14,315.8,161.8,154
2015,Sabah, 15 - 19,424.7,223.2,201.4
2015,Sabah, 20 - 24,465.5,240.5,224.9
2015,Sabah, 25 - 29,453.9,235.7,218.2
2015,Sabah, 30 - 34,357.8,190.8,167
2015,Sabah, 35 - 39,261.6,138.6,123
2015,Sabah, 40 - 44,211.7,111.1,100.5
2015,Sabah, 45 - 49,172.9,91.9,81
2015,Sabah, 50 - 54,143.1,77.2,65.9
2015,Sabah, 55 - 59,108.9,58.2,50.7
2015,Sabah, 60 - 64,70.7,38.1,32.5
2015,Sabah, 65 - 69,44.7,22.5,22.2
2015,Sabah, 70 - 74,30.8,15.7,15.1
2015,Sabah, 75 - 79,19.3,9.3,9.9
2015,Sabah, 80 - 84,10.1,4.8,5.3
2015,Sabah, 85+,8.8,4.4,4.4
2015,Sarawak, 0 - 4,209.5,108.3,101.1
2015,Sarawak, 5 - 9,228.2,115.2,113
2015,Sarawak, 10 - 14,253.4,128.5,125
2015,Sarawak, 15 - 19,251.9,128.5,123.4
2015,Sarawak, 20 - 24,282,151.6,130.4
2015,Sarawak, 25 - 29,253.2,134.7,118.4
2015,Sarawak, 30 - 34,205.5,109.4,96.1
2015,Sarawak, 35 - 39,172.4,91.1,81.3
2015,Sarawak, 40 - 44,168.1,87.3,80.8
2015,Sarawak, 45 - 49,156.3,81.8,74.5
2015,Sarawak, 50 - 54,140,74.5,65.5
2015,Sarawak, 55 - 59,114.6,61,53.5
2015,Sarawak, 60 - 64,91.1,47.8,43.2
2015,Sarawak, 65 - 69,66.7,34.5,32.2
2015,Sarawak, 70 - 74,46.9,23.6,23.3
2015,Sarawak, 75 - 79,28.4,14,14.5
2015,Sarawak, 80 - 84,18.1,8.6,9.5
2015,Sarawak, 85+,15.3,7,8.2
2015,W.P. Kuala Lumpur, 0 - 4,129.2,66.4,62.9
2015,W.P. Kuala Lumpur, 5 - 9,120.8,62.8,58
2015,W.P. Kuala Lumpur, 10 - 14,124.1,64.3,59.9
2015,W.P. Kuala Lumpur, 15 - 19,114.5,57.5,57
2015,W.P. Kuala Lumpur, 20 - 24,169.2,87.5,81.7
2015,W.P. Kuala Lumpur, 25 - 29,191.2,97.1,94.1
2015,W.P. Kuala Lumpur, 30 - 34,191.4,96.9,94.5
2015,W.P. Kuala Lumpur, 35 - 39,155.8,82.8,73.1
2015,W.P. Kuala Lumpur, 40 - 44,124.4,64,60.4
2015,W.P. Kuala Lumpur, 45 - 49,115,53.5,61.6
2015,W.P. Kuala Lumpur, 50 - 54,100.6,54.8,45.8
2015,W.P. Kuala Lumpur, 55 - 59,79.9,42.3,37.6
2015,W.P. Kuala Lumpur, 60 - 64,59.9,30.4,29.6
2015,W.P. Kuala Lumpur, 65 - 69,44.5,22.7,21.7
2015,W.P. Kuala Lumpur, 70 - 74,27.6,13.6,13.9
2015,W.P. Kuala Lumpur, 75 - 79,17.7,9.3,8.3
2015,W.P. Kuala Lumpur, 80 - 84,7.9,3.8,4.1
2015,W.P. Kuala Lumpur, 85+,6.6,3.4,3.2
2015,W.P. Labuan, 0 - 4,8.8,4.5,4.3
2015,W.P. Labuan, 5 - 9,9.2,4.7,4.5
2015,W.P. Labuan, 10 - 14,8.6,4.4,4.2
2015,W.P. Labuan, 15 - 19,7.8,3.8,4
2015,W.P. Labuan, 20 - 24,8.7,4.1,4.7
2015,W.P. Labuan, 25 - 29,9.8,4.9,4.9
2015,W.P. Labuan, 30 - 34,11.5,5.9,5.6
2015,W.P. Labuan, 35 - 39,6.9,3.5,3.3
2015,W.P. Labuan, 40 - 44,5.8,2.8,3
2015,W.P. Labuan, 45 - 49,5,2.5,2.5
2015,W.P. Labuan, 50 - 54,4.4,2.4,2
2015,W.P. Labuan, 55 - 59,3.3,1.9,1.5
2015,W.P. Labuan, 60 - 64,2.2,1.2,1
2015,W.P. Labuan, 65 - 69,1.3,0.7,0.6
2015,W.P. Labuan, 70 - 74,0.8,0.4,0.4
2015,W.P. Labuan, 75 - 79,0.4,0.2,0.2
2015,W.P. Labuan, 80 - 84,0.2,0.1,0.1
2015,W.P. Labuan, 85+,0.4,0.2,0.2
2015,W.P. Putrajaya, 0 - 4,14.4,7.6,6.8
2015,W.P. Putrajaya, 5 - 9,10.1,5,5.2
2015,W.P. Putrajaya, 10 - 14,6.5,3,3.5
2015,W.P. Putrajaya, 15 - 19,4.7,2.3,2.4
2015,W.P. Putrajaya, 20 - 24,4,2,2
2015,W.P. Putrajaya, 25 - 29,6.4,2,4.4
2015,W.P. Putrajaya, 30 - 34,14,5.5,8.5
2015,W.P. Putrajaya, 35 - 39,7.8,3.6,4.1
2015,W.P. Putrajaya, 40 - 44,4.1,1.9,2.1
2015,W.P. Putrajaya, 45 - 49,3.2,1.5,1.7
2015,W.P. Putrajaya, 50 - 54,3.1,1.7,1.4
2015,W.P. Putrajaya, 55 - 59,2.8,1.4,1.4
2015,W.P. Putrajaya, 60 - 64,1.2,0.6,0.5
2015,W.P. Putrajaya, 65 - 69,0.4,0.2,0.2
2015,W.P. Putrajaya, 70 - 74,0.1,0.1,0.1
2015,W.P. Putrajaya, 75 - 79,0.1,0.1,0
2015,W.P. Putrajaya, 80 - 84,0.1,0,0
2015,W.P. Putrajaya, 85+,0.1,0,0.1
2016,Johor, 0 - 4,295.8,153.4,142.4
2016,Johor, 5 - 9,285.2,148.6,136.6
2016,Johor, 10 - 14,305.6,157.8,147.8
2016,Johor, 15 - 19,324.6,170.2,154.3
2016,Johor, 20 - 24,347.1,189.3,157.8
2016,Johor, 25 - 29,342.1,193.7,148.4
2016,Johor, 30 - 34,322.1,174.5,147.5
2016,Johor, 35 - 39,265.7,144.8,120.9
2016,Johor, 40 - 44,232.7,123,109.7
2016,Johor, 45 - 49,212.5,108.6,103.9
2016,Johor, 50 - 54,191.2,100.2,90.9
2016,Johor, 55 - 59,163.6,84,79.5
2016,Johor, 60 - 64,126.5,63.7,62.8
2016,Johor, 65 - 69,95.2,48.3,46.9
2016,Johor, 70 - 74,60,30.2,29.8
2016,Johor, 75 - 79,41.6,20.5,21.1
2016,Johor, 80 - 84,21.4,10.5,11
2016,Johor, 85+,19.1,9.6,9.4
2016,Kedah, 0 - 4,184.2,95,89.2
2016,Kedah, 5 - 9,174.9,90,84.9
2016,Kedah, 10 - 14,180.6,93,87.6
2016,Kedah, 15 - 19,217.4,114.4,103
2016,Kedah, 20 - 24,214.7,113.4,101.2
2016,Kedah, 25 - 29,180.5,95.4,85.1
2016,Kedah, 30 - 34,149,76.5,72.5
2016,Kedah, 35 - 39,129,66,62.9
2016,Kedah, 40 - 44,122.8,60.5,62.3
2016,Kedah, 45 - 49,118.3,57.2,61.1
2016,Kedah, 50 - 54,113.3,56,57.3
2016,Kedah, 55 - 59,101,49,52
2016,Kedah, 60 - 64,81.7,39.1,42.6
2016,Kedah, 65 - 69,60.9,29.5,31.4
2016,Kedah, 70 - 74,37.6,17.3,20.3
2016,Kedah, 75 - 79,29,12.6,16.4
2016,Kedah, 80 - 84,13.4,5.8,7.6
2016,Kedah, 85+,11.4,4.7,6.7
2016,Kelantan, 0 - 4,196,99.7,96.3
2016,Kelantan, 5 - 9,178.9,93.7,85.2
2016,Kelantan, 10 - 14,178.9,93.2,85.8
2016,Kelantan, 15 - 19,193.7,99.4,94.3
2016,Kelantan, 20 - 24,203.3,105.6,97.7
2016,Kelantan, 25 - 29,141.2,75.6,65.5
2016,Kelantan, 30 - 34,110.1,59,51.2
2016,Kelantan, 35 - 39,93.1,47.9,45.2
2016,Kelantan, 40 - 44,86.8,40.8,46
2016,Kelantan, 45 - 49,87.1,40.1,47
2016,Kelantan, 50 - 54,85.4,39.9,45.6
2016,Kelantan, 55 - 59,75.2,35.2,40
2016,Kelantan, 60 - 64,57.4,26.9,30.5
2016,Kelantan, 65 - 69,45.3,21.8,23.4
2016,Kelantan, 70 - 74,28.2,12.4,15.8
2016,Kelantan, 75 - 79,18.6,8.2,10.4
2016,Kelantan, 80 - 84,9.3,4,5.3
2016,Kelantan, 85+,8.3,3.4,4.9
2016,Melaka, 0 - 4,71.4,36.7,34.7
2016,Melaka, 5 - 9,68,34,34
2016,Melaka, 10 - 14,71.9,36.9,35.1
2016,Melaka, 15 - 19,78.9,41.5,37.5
2016,Melaka, 20 - 24,103.7,52.9,50.8
2016,Melaka, 25 - 29,89.8,47,42.8
2016,Melaka, 30 - 34,71.6,36.1,35.4
2016,Melaka, 35 - 39,55.1,28.1,27
2016,Melaka, 40 - 44,48.1,24.1,24
2016,Melaka, 45 - 49,50,23.1,26.9
2016,Melaka, 50 - 54,48.7,24.1,24.6
2016,Melaka, 55 - 59,42.4,20.8,21.6
2016,Melaka, 60 - 64,33.5,16.3,17.2
2016,Melaka, 65 - 69,27.3,12.7,14.7
2016,Melaka, 70 - 74,17.4,8.3,9.1
2016,Melaka, 75 - 79,11.9,5.6,6.3
2016,Melaka, 80 - 84,5.9,2.7,3.1
2016,Melaka, 85+,5.4,2.5,2.9
2016,Negeri Sembilan, 0 - 4,88,45.5,42.5
2016,Negeri Sembilan, 5 - 9,81.5,40.9,40.6
2016,Negeri Sembilan, 10 - 14,93.5,49.2,44.3
2016,Negeri Sembilan, 15 - 19,104.1,56.6,47.4
2016,Negeri Sembilan, 20 - 24,117.1,63.1,54
2016,Negeri Sembilan, 25 - 29,105.4,58.6,46.8
2016,Negeri Sembilan, 30 - 34,85.2,45.9,39.4
2016,Negeri Sembilan, 35 - 39,69.1,36.5,32.6
2016,Negeri Sembilan, 40 - 44,61.7,30.9,30.9
2016,Negeri Sembilan, 45 - 49,58.4,28.3,30.1
2016,Negeri Sembilan, 50 - 54,58.1,28.1,30
2016,Negeri Sembilan, 55 - 59,54.7,26.4,28.3
2016,Negeri Sembilan, 60 - 64,45.1,22.2,22.9
2016,Negeri Sembilan, 65 - 69,31.6,15.6,15.9
2016,Negeri Sembilan, 70 - 74,19.5,9.3,10.2
2016,Negeri Sembilan, 75 - 79,13.9,6.4,7.5
2016,Negeri Sembilan, 80 - 84,7.4,3.5,3.9
2016,Negeri Sembilan, 85+,5.1,2.2,2.9
2016,Pahang, 0 - 4,140.5,72.6,67.9
2016,Pahang, 5 - 9,142.5,74.6,67.9
2016,Pahang, 10 - 14,145.9,76.9,69
2016,Pahang, 15 - 19,153.9,81.5,72.4
2016,Pahang, 20 - 24,168.6,93.4,75.2
2016,Pahang, 25 - 29,150,85.6,64.4
2016,Pahang, 30 - 34,141.6,80.3,61.3
2016,Pahang, 35 - 39,105.2,59.6,45.6
2016,Pahang, 40 - 44,87.7,46.5,41.2
2016,Pahang, 45 - 49,81,41.2,39.8
2016,Pahang, 50 - 54,78.3,39,39.3
2016,Pahang, 55 - 59,70.4,35.2,35.3
2016,Pahang, 60 - 64,55.3,28,27.3
2016,Pahang, 65 - 69,45.1,22.7,22.4
2016,Pahang, 70 - 74,26.2,13.4,12.8
2016,Pahang, 75 - 79,18.2,8.9,9.4
2016,Pahang, 80 - 84,8.6,4.3,4.3
2016,Pahang, 85+,7.6,3.7,3.8
2016,Penang, 0 - 4,113,58.3,54.7
2016,Penang, 5 - 9,111.5,58.5,53.1
2016,Penang, 10 - 14,119.7,61.2,58.5
2016,Penang, 15 - 19,134.8,67.8,67
2016,Penang, 20 - 24,171.2,86.1,85.1
2016,Penang, 25 - 29,169.9,85.6,84.3
2016,Penang, 30 - 34,157.7,80.2,77.5
2016,Penang, 35 - 39,128.4,65.4,63
2016,Penang, 40 - 44,117.5,59.7,57.8
2016,Penang, 45 - 49,108.1,53.5,54.6
2016,Penang, 50 - 54,96.4,48.3,48.1
2016,Penang, 55 - 59,84.8,42.3,42.5
2016,Penang, 60 - 64,70.2,34.1,36.1
2016,Penang, 65 - 69,55.5,27.2,28.4
2016,Penang, 70 - 74,35.2,16.6,18.6
2016,Penang, 75 - 79,24,11.1,12.9
2016,Penang, 80 - 84,11.6,5.2,6.4
2016,Penang, 85+,8.2,3.7,4.5
2016,Perak, 0 - 4,176.7,89.3,87.4
2016,Perak, 5 - 9,176.9,90.5,86.4
2016,Perak, 10 - 14,213,107.2,105.8
2016,Perak, 15 - 19,241.3,120.9,120.4
2016,Perak, 20 - 24,250.3,128.2,122.2
2016,Perak, 25 - 29,218.5,120.8,97.7
2016,Perak, 30 - 34,166.1,86.6,79.5
2016,Perak, 35 - 39,141.3,73,68.3
2016,Perak, 40 - 44,134.2,68.2,66
2016,Perak, 45 - 49,140.3,67.9,72.4
2016,Perak, 50 - 54,141.8,70.4,71.4
2016,Perak, 55 - 59,132.2,66.3,65.9
2016,Perak, 60 - 64,111.9,55.1,56.8
2016,Perak, 65 - 69,92.7,44.6,48.1
2016,Perak, 70 - 74,60.1,29.1,31
2016,Perak, 75 - 79,45,20.6,24.5
2016,Perak, 80 - 84,24.4,10.8,13.6
2016,Perak, 85+,15.4,7.6,7.8
2016,Perlis, 0 - 4,21.5,11.1,10.4
2016,Perlis, 5 - 9,20.7,10.8,9.9
2016,Perlis, 10 - 14,19.9,10.1,9.8
2016,Perlis, 15 - 19,21.1,10.5,10.6
2016,Perlis, 20 - 24,30,14.7,15.3
2016,Perlis, 25 - 29,23.8,13.3,10.5
2016,Perlis, 30 - 34,18.2,9.2,8.9
2016,Perlis, 35 - 39,13.5,6.7,6.8
2016,Perlis, 40 - 44,12.1,5.5,6.6
2016,Perlis, 45 - 49,13,6.2,6.8
2016,Perlis, 50 - 54,13.5,6.6,7
2016,Perlis, 55 - 59,12.3,5.9,6.5
2016,Perlis, 60 - 64,10.4,5,5.4
2016,Perlis, 65 - 69,8.1,3.8,4.2
2016,Perlis, 70 - 74,5.3,2.5,2.8
2016,Perlis, 75 - 79,3.9,1.8,2.1
2016,Perlis, 80 - 84,1.9,0.9,1.1
2016,Perlis, 85+,1.7,0.7,1
2016,Selangor, 0 - 4,538.5,282.4,256.1
2016,Selangor, 5 - 9,481.4,249.8,231.6
2016,Selangor, 10 - 14,471,240.7,230.3
2016,Selangor, 15 - 19,454.1,233,221.1
2016,Selangor, 20 - 24,574.9,300.6,274.3
2016,Selangor, 25 - 29,727.6,383,344.6
2016,Selangor, 30 - 34,701.2,365.6,335.7
2016,Selangor, 35 - 39,539.6,284.9,254.7
2016,Selangor, 40 - 44,434.7,228,206.7
2016,Selangor, 45 - 49,360.4,187.6,172.8
2016,Selangor, 50 - 54,303.5,160,143.5
2016,Selangor, 55 - 59,239.9,125.5,114.3
2016,Selangor, 60 - 64,175.9,90.6,85.3
2016,Selangor, 65 - 69,132.5,64.5,68
2016,Selangor, 70 - 74,72.4,35.2,37.2
2016,Selangor, 75 - 79,44.4,21.3,23.1
2016,Selangor, 80 - 84,20.6,9.9,10.7
2016,Selangor, 85+,19,9.1,9.9
2016,Terengganu, 0 - 4,130.7,67.4,63.3
2016,Terengganu, 5 - 9,116.4,59.3,57
2016,Terengganu, 10 - 14,116.2,59.8,56.5
2016,Terengganu, 15 - 19,120.4,61.4,59
2016,Terengganu, 20 - 24,128,66,62
2016,Terengganu, 25 - 29,108.9,58,50.9
2016,Terengganu, 30 - 34,82,44.4,37.6
2016,Terengganu, 35 - 39,64.5,33.2,31.3
2016,Terengganu, 40 - 44,59.1,29,30.1
2016,Terengganu, 45 - 49,56.8,27.5,29.3
2016,Terengganu, 50 - 54,55.2,26.9,28.3
2016,Terengganu, 55 - 59,47.2,23.1,24.1
2016,Terengganu, 60 - 64,35.3,17.5,17.8
2016,Terengganu, 65 - 69,25.8,13,12.8
2016,Terengganu, 70 - 74,16.7,7.7,9
2016,Terengganu, 75 - 79,10.9,5,5.9
2016,Terengganu, 80 - 84,4.9,2.2,2.7
2016,Terengganu, 85+,4.5,2,2.4
2016,Sabah, 0 - 4,312.8,161.9,150.9
2016,Sabah, 5 - 9,313.5,159.7,153.8
2016,Sabah, 10 - 14,314,161.1,152.9
2016,Sabah, 15 - 19,432.4,227.6,204.9
2016,Sabah, 20 - 24,473.4,245.1,228.3
2016,Sabah, 25 - 29,467.4,242.7,224.7
2016,Sabah, 30 - 34,365.9,195.9,170
2016,Sabah, 35 - 39,276.3,146.4,129.9
2016,Sabah, 40 - 44,215.7,113.4,102.3
2016,Sabah, 45 - 49,175.7,93.1,82.7
2016,Sabah, 50 - 54,146.9,78.8,68.1
2016,Sabah, 55 - 59,113.8,60.6,53.3
2016,Sabah, 60 - 64,76.3,41.1,35.2
2016,Sabah, 65 - 69,47.3,24,23.3
2016,Sabah, 70 - 74,31.7,16,15.6
2016,Sabah, 75 - 79,20,9.7,10.3
2016,Sabah, 80 - 84,10.3,4.8,5.4
2016,Sabah, 85+,9.3,4.6,4.7
2016,Sarawak, 0 - 4,205.3,106.1,99.1
2016,Sarawak, 5 - 9,223.3,113,110.2
2016,Sarawak, 10 - 14,248.5,125,123.5
2016,Sarawak, 15 - 19,256.6,132.1,124.5
2016,Sarawak, 20 - 24,286.7,154.7,131.9
2016,Sarawak, 25 - 29,261,139.7,121.4
2016,Sarawak, 30 - 34,213.6,113,100.6
2016,Sarawak, 35 - 39,177.4,94.2,83.2
2016,Sarawak, 40 - 44,168.2,87,81.3
2016,Sarawak, 45 - 49,157.4,82.3,75.1
2016,Sarawak, 50 - 54,142.9,75.6,67.2
2016,Sarawak, 55 - 59,118.9,63,55.9
2016,Sarawak, 60 - 64,95.6,50.1,45.4
2016,Sarawak, 65 - 69,69.2,35.5,33.6
2016,Sarawak, 70 - 74,49.1,25.1,24
2016,Sarawak, 75 - 79,30.2,14.8,15.4
2016,Sarawak, 80 - 84,18.5,8.9,9.7
2016,Sarawak, 85+,16.4,7.6,8.8
2016,W.P. Kuala Lumpur, 0 - 4,132.4,68.1,64.3
2016,W.P. Kuala Lumpur, 5 - 9,118.9,61.9,57
2016,W.P. Kuala Lumpur, 10 - 14,121.8,63.4,58.4
2016,W.P. Kuala Lumpur, 15 - 19,116.3,58.5,57.7
2016,W.P. Kuala Lumpur, 20 - 24,162.8,84.5,78.4
2016,W.P. Kuala Lumpur, 25 - 29,188.7,96.7,92
2016,W.P. Kuala Lumpur, 30 - 34,189,95.4,93.6
2016,W.P. Kuala Lumpur, 35 - 39,161.7,84.8,76.9
2016,W.P. Kuala Lumpur, 40 - 44,126.9,66.3,60.5
2016,W.P. Kuala Lumpur, 45 - 49,114.1,53.2,61
2016,W.P. Kuala Lumpur, 50 - 54,102.4,54.2,48.2
2016,W.P. Kuala Lumpur, 55 - 59,82.6,44.3,38.3
2016,W.P. Kuala Lumpur, 60 - 64,61.9,31.4,30.5
2016,W.P. Kuala Lumpur, 65 - 69,46.6,23.7,22.9
2016,W.P. Kuala Lumpur, 70 - 74,29.7,14.6,15
2016,W.P. Kuala Lumpur, 75 - 79,18.6,9.7,9
2016,W.P. Kuala Lumpur, 80 - 84,8.5,4.2,4.3
2016,W.P. Kuala Lumpur, 85+,6.8,3.5,3.3
2016,W.P. Labuan, 0 - 4,9,4.7,4.4
2016,W.P. Labuan, 5 - 9,9.1,4.6,4.5
2016,W.P. Labuan, 10 - 14,8.7,4.4,4.3
2016,W.P. Labuan, 15 - 19,7.9,3.8,4.1
2016,W.P. Labuan, 20 - 24,8.6,4,4.6
2016,W.P. Labuan, 25 - 29,9.5,4.6,4.8
2016,W.P. Labuan, 30 - 34,11.6,5.9,5.6
2016,W.P. Labuan, 35 - 39,7.7,4,3.7
2016,W.P. Labuan, 40 - 44,5.9,2.9,3
2016,W.P. Labuan, 45 - 49,5.1,2.5,2.6
2016,W.P. Labuan, 50 - 54,4.5,2.4,2.1
2016,W.P. Labuan, 55 - 59,3.5,2,1.5
2016,W.P. Labuan, 60 - 64,2.4,1.3,1.1
2016,W.P. Labuan, 65 - 69,1.4,0.8,0.6
2016,W.P. Labuan, 70 - 74,0.9,0.4,0.4
2016,W.P. Labuan, 75 - 79,0.5,0.2,0.2
2016,W.P. Labuan, 80 - 84,0.3,0.1,0.1
2016,W.P. Labuan, 85+,0.4,0.2,0.2
2016,W.P. Putrajaya, 0 - 4,14.5,7.7,6.8
2016,W.P. Putrajaya, 5 - 9,11,5.6,5.4
2016,W.P. Putrajaya, 10 - 14,6.6,3,3.6
2016,W.P. Putrajaya, 15 - 19,5.1,2.3,2.8
2016,W.P. Putrajaya, 20 - 24,3.9,2.1,1.8
2016,W.P. Putrajaya, 25 - 29,5.2,1.6,3.6
2016,W.P. Putrajaya, 30 - 34,12.9,5.1,7.8
2016,W.P. Putrajaya, 35 - 39,9.3,4.2,5.1
2016,W.P. Putrajaya, 40 - 44,4.5,2.1,2.4
2016,W.P. Putrajaya, 45 - 49,3.2,1.5,1.7
2016,W.P. Putrajaya, 50 - 54,3,1.6,1.4
2016,W.P. Putrajaya, 55 - 59,2.9,1.5,1.4
2016,W.P. Putrajaya, 60 - 64,1.4,0.7,0.7
2016,W.P. Putrajaya, 65 - 69,0.5,0.3,0.2
2016,W.P. Putrajaya, 70 - 74,0.2,0.1,0.1
2016,W.P. Putrajaya, 75 - 79,0.1,0.1,0
2016,W.P. Putrajaya, 80 - 84,0.1,0,0
2016,W.P. Putrajaya, 85+,0.1,0,0.1
2017,Johor, 0 - 4,296.8,153.8,143.1
2017,Johor, 5 - 9,286.5,149.1,137.4
2017,Johor, 10 - 14,300.1,154.8,145.3
2017,Johor, 15 - 19,325.6,170.6,154.9
2017,Johor, 20 - 24,353.8,193.3,160.5
2017,Johor, 25 - 29,342.8,193.6,149.2
2017,Johor, 30 - 34,323.9,175.9,148
2017,Johor, 35 - 39,276.4,149.4,126.9
2017,Johor, 40 - 44,233.8,124.2,109.5
2017,Johor, 45 - 49,215,109.9,105.1
2017,Johor, 50 - 54,194.1,100.6,93.5
2017,Johor, 55 - 59,167.9,86.9,81
2017,Johor, 60 - 64,132,66,66
2017,Johor, 65 - 69,98.9,49.9,49
2017,Johor, 70 - 74,64.5,32.3,32.2
2017,Johor, 75 - 79,42,20.7,21.3
2017,Johor, 80 - 84,23.3,11.3,12
2017,Johor, 85+,19.6,10.1,9.5
2017,Kedah, 0 - 4,183,94.4,88.6
2017,Kedah, 5 - 9,178.2,91.8,86.4
2017,Kedah, 10 - 14,176.1,90.6,85.4
2017,Kedah, 15 - 19,212.4,111.6,100.8
2017,Kedah, 20 - 24,222.1,118,104.1
2017,Kedah, 25 - 29,187.4,99.5,87.9
2017,Kedah, 30 - 34,152.8,78.2,74.6
2017,Kedah, 35 - 39,131.1,67.2,63.9
2017,Kedah, 40 - 44,122.6,60.9,61.7
2017,Kedah, 45 - 49,118.2,57,61.2
2017,Kedah, 50 - 54,113.9,56.1,57.8
2017,Kedah, 55 - 59,102.9,50.1,52.9
2017,Kedah, 60 - 64,84.4,40.3,44.1
2017,Kedah, 65 - 69,63.6,30.6,33
2017,Kedah, 70 - 74,40.4,18.8,21.6
2017,Kedah, 75 - 79,28.5,12.3,16.2
2017,Kedah, 80 - 84,14.7,6.4,8.3
2017,Kedah, 85+,11.5,4.9,6.7
2017,Kelantan, 0 - 4,195.9,99.6,96.3
2017,Kelantan, 5 - 9,183.5,95.5,88
2017,Kelantan, 10 - 14,175.5,91.9,83.7
2017,Kelantan, 15 - 19,193.2,99.4,93.8
2017,Kelantan, 20 - 24,205.7,106.4,99.2
2017,Kelantan, 25 - 29,156.8,83.9,72.9
2017,Kelantan, 30 - 34,112.3,60,52.4
2017,Kelantan, 35 - 39,96.3,50.2,46
2017,Kelantan, 40 - 44,86.5,41.1,45.4
2017,Kelantan, 45 - 49,86.7,39.8,47
2017,Kelantan, 50 - 54,85.6,39.7,45.9
2017,Kelantan, 55 - 59,77.3,36.2,41.1
2017,Kelantan, 60 - 64,59.8,27.8,32
2017,Kelantan, 65 - 69,46.6,22.3,24.3
2017,Kelantan, 70 - 74,30.2,13.5,16.8
2017,Kelantan, 75 - 79,19.1,8.3,10.8
2017,Kelantan, 80 - 84,9.6,4,5.6
2017,Kelantan, 85+,8.3,3.5,4.8
2017,Melaka, 0 - 4,71.9,37.1,34.7
2017,Melaka, 5 - 9,68.1,34.1,34
2017,Melaka, 10 - 14,71.5,36.4,35.2
2017,Melaka, 15 - 19,77.6,40.8,36.8
2017,Melaka, 20 - 24,101.1,52.1,49.1
2017,Melaka, 25 - 29,95.1,49.5,45.6
2017,Melaka, 30 - 34,73.7,37.2,36.5
2017,Melaka, 35 - 39,58.1,29.4,28.6
2017,Melaka, 40 - 44,48.1,24.2,23.9
2017,Melaka, 45 - 49,49.3,23,26.3
2017,Melaka, 50 - 54,49.2,23.8,25.4
2017,Melaka, 55 - 59,43.6,21.6,22.1
2017,Melaka, 60 - 64,34.7,16.8,17.9
2017,Melaka, 65 - 69,28.1,13.1,15
2017,Melaka, 70 - 74,18.8,8.7,10.1
2017,Melaka, 75 - 79,12.2,5.8,6.4
2017,Melaka, 80 - 84,6.4,3,3.4
2017,Melaka, 85+,5.6,2.6,3
2017,Negeri Sembilan, 0 - 4,89,46.4,42.6
2017,Negeri Sembilan, 5 - 9,81.3,40.5,40.8
2017,Negeri Sembilan, 10 - 14,91.2,47.7,43.6
2017,Negeri Sembilan, 15 - 19,104.9,57.3,47.6
2017,Negeri Sembilan, 20 - 24,117.2,63.2,54
2017,Negeri Sembilan, 25 - 29,108.5,60.5,48
2017,Negeri Sembilan, 30 - 34,89.1,48.1,41
2017,Negeri Sembilan, 35 - 39,70.7,37.4,33.3
2017,Negeri Sembilan, 40 - 44,62.2,31.1,31.1
2017,Negeri Sembilan, 45 - 49,58.4,28.5,29.9
2017,Negeri Sembilan, 50 - 54,57.9,27.8,30.1
2017,Negeri Sembilan, 55 - 59,55.1,26.6,28.5
2017,Negeri Sembilan, 60 - 64,46.8,22.8,24.1
2017,Negeri Sembilan, 65 - 69,33.5,16.6,16.9
2017,Negeri Sembilan, 70 - 74,20.9,9.9,11
2017,Negeri Sembilan, 75 - 79,14,6.4,7.6
2017,Negeri Sembilan, 80 - 84,7.8,3.7,4.2
2017,Negeri Sembilan, 85+,5.4,2.4,3
2017,Pahang, 0 - 4,140.4,72.6,67.8
2017,Pahang, 5 - 9,141,73.5,67.5
2017,Pahang, 10 - 14,144.9,76.5,68.4
2017,Pahang, 15 - 19,153.2,81.1,72
2017,Pahang, 20 - 24,169.4,94.1,75.3
2017,Pahang, 25 - 29,156.5,89.1,67.4
2017,Pahang, 30 - 34,141.1,80,61.1
2017,Pahang, 35 - 39,113.4,64,49.4
2017,Pahang, 40 - 44,87.6,47.1,40.6
2017,Pahang, 45 - 49,81.3,41.3,40.1
2017,Pahang, 50 - 54,78.2,39,39.2
2017,Pahang, 55 - 59,71.8,35.6,36.2
2017,Pahang, 60 - 64,57.5,29,28.5
2017,Pahang, 65 - 69,46,23.1,22.9
2017,Pahang, 70 - 74,29.1,14.6,14.4
2017,Pahang, 75 - 79,18.2,8.9,9.2
2017,Pahang, 80 - 84,9.6,4.7,4.9
2017,Pahang, 85+,7.9,4,3.9
2017,Penang, 0 - 4,111.8,57.5,54.4
2017,Penang, 5 - 9,112.8,59.2,53.6
2017,Penang, 10 - 14,118.6,60.8,57.8
2017,Penang, 15 - 19,134.1,67.3,66.9
2017,Penang, 20 - 24,172.1,86.9,85.3
2017,Penang, 25 - 29,173.1,87.6,85.5
2017,Penang, 30 - 34,159.3,80.6,78.8
2017,Penang, 35 - 39,133.5,67.8,65.7
2017,Penang, 40 - 44,118.4,60.2,58.3
2017,Penang, 45 - 49,110.2,54.8,55.4
2017,Penang, 50 - 54,98.9,49.1,49.8
2017,Penang, 55 - 59,86.6,43.3,43.4
2017,Penang, 60 - 64,73,35.4,37.6
2017,Penang, 65 - 69,57.5,27.9,29.6
2017,Penang, 70 - 74,38.3,18.1,20.2
2017,Penang, 75 - 79,24.2,11.1,13.1
2017,Penang, 80 - 84,13,5.9,7.2
2017,Penang, 85+,8.3,3.9,4.5
2017,Perak, 0 - 4,174.7,88.7,86
2017,Perak, 5 - 9,175.5,89.9,85.5
2017,Perak, 10 - 14,203.4,102.6,100.9
2017,Perak, 15 - 19,238.8,119.9,118.9
2017,Perak, 20 - 24,253,129,124
2017,Perak, 25 - 29,226.5,124.2,102.3
2017,Perak, 30 - 34,174.6,92.6,82.1
2017,Perak, 35 - 39,142.1,72.8,69.3
2017,Perak, 40 - 44,133.2,68.2,65.1
2017,Perak, 45 - 49,137,66.4,70.6
2017,Perak, 50 - 54,140.7,69.1,71.6
2017,Perak, 55 - 59,133.2,66.7,66.4
2017,Perak, 60 - 64,114,56.1,57.8
2017,Perak, 65 - 69,94.8,45.6,49.2
2017,Perak, 70 - 74,64.4,30.8,33.5
2017,Perak, 75 - 79,44.3,20.5,23.8
2017,Perak, 80 - 84,26.6,11.6,15
2017,Perak, 85+,16.4,8.2,8.2
2017,Perlis, 0 - 4,21.4,11.1,10.3
2017,Perlis, 5 - 9,20.9,10.8,10.1
2017,Perlis, 10 - 14,19.6,10,9.5
2017,Perlis, 15 - 19,20.6,10.2,10.4
2017,Perlis, 20 - 24,28.2,13.8,14.5
2017,Perlis, 25 - 29,25.8,14.1,11.7
2017,Perlis, 30 - 34,18.9,9.8,9.1
2017,Perlis, 35 - 39,14.1,7,7.1
2017,Perlis, 40 - 44,12.1,5.5,6.6
2017,Perlis, 45 - 49,12.4,5.9,6.5
2017,Perlis, 50 - 54,13.4,6.5,6.9
2017,Perlis, 55 - 59,12.4,5.9,6.5
2017,Perlis, 60 - 64,10.6,5,5.6
2017,Perlis, 65 - 69,8.3,4,4.3
2017,Perlis, 70 - 74,5.6,2.7,3
2017,Perlis, 75 - 79,3.8,1.8,2.1
2017,Perlis, 80 - 84,2.1,0.9,1.2
2017,Perlis, 85+,1.8,0.7,1.1
2017,Selangor, 0 - 4,533.6,278.1,255.5
2017,Selangor, 5 - 9,494.4,258.7,235.7
2017,Selangor, 10 - 14,473.4,241.6,231.8
2017,Selangor, 15 - 19,461.5,237.4,224.1
2017,Selangor, 20 - 24,564.7,296.9,267.8
2017,Selangor, 25 - 29,703.4,372,331.4
2017,Selangor, 30 - 34,712.5,369.1,343.5
2017,Selangor, 35 - 39,569.6,298.3,271.3
2017,Selangor, 40 - 44,443.7,233.2,210.5
2017,Selangor, 45 - 49,370.7,192.3,178.4
2017,Selangor, 50 - 54,311.7,163.5,148.2
2017,Selangor, 55 - 59,250.7,131.5,119.2
2017,Selangor, 60 - 64,184.8,95,89.8
2017,Selangor, 65 - 69,138,67.9,70
2017,Selangor, 70 - 74,81.8,39,42.7
2017,Selangor, 75 - 79,44.7,21.6,23.1
2017,Selangor, 80 - 84,22.6,10.8,11.8
2017,Selangor, 85+,19,9.3,9.7
2017,Terengganu, 0 - 4,133.1,68.6,64.5
2017,Terengganu, 5 - 9,119.7,61.2,58.5
2017,Terengganu, 10 - 14,114.6,59,55.7
2017,Terengganu, 15 - 19,121,61.9,59
2017,Terengganu, 20 - 24,128,66,62
2017,Terengganu, 25 - 29,114.8,60.7,54.1
2017,Terengganu, 30 - 34,87,47.2,39.9
2017,Terengganu, 35 - 39,66.6,34.8,31.8
2017,Terengganu, 40 - 44,59.4,29.2,30.2
2017,Terengganu, 45 - 49,56.9,27.6,29.3
2017,Terengganu, 50 - 54,55.5,26.9,28.6
2017,Terengganu, 55 - 59,48.9,24,24.9
2017,Terengganu, 60 - 64,37,18.1,18.9
2017,Terengganu, 65 - 69,27,13.6,13.4
2017,Terengganu, 70 - 74,17.4,8.1,9.3
2017,Terengganu, 75 - 79,11.5,5.2,6.3
2017,Terengganu, 80 - 84,4.9,2.2,2.7
2017,Terengganu, 85+,4.6,2.1,2.5
2017,Sabah, 0 - 4,308.3,159.8,148.5
2017,Sabah, 5 - 9,311,158.4,152.6
2017,Sabah, 10 - 14,312.5,160.1,152.4
2017,Sabah, 15 - 19,438,230.9,207.1
2017,Sabah, 20 - 24,475,246.4,228.6
2017,Sabah, 25 - 29,479.5,249.7,229.8
2017,Sabah, 30 - 34,369.4,196.8,172.6
2017,Sabah, 35 - 39,292.1,154.6,137.4
2017,Sabah, 40 - 44,218.5,114.9,103.6
2017,Sabah, 45 - 49,178.6,94.1,84.5
2017,Sabah, 50 - 54,149.6,79.7,69.9
2017,Sabah, 55 - 59,118.1,62.6,55.5
2017,Sabah, 60 - 64,82,44,38
2017,Sabah, 65 - 69,50.5,25.8,24.6
2017,Sabah, 70 - 74,32.5,16.4,16.2
2017,Sabah, 75 - 79,20.6,10,10.5
2017,Sabah, 80 - 84,10.4,4.8,5.7
2017,Sabah, 85+,9.4,4.8,4.6
2017,Sarawak, 0 - 4,199.3,102.9,96.4
2017,Sarawak, 5 - 9,221.4,112.9,108.5
2017,Sarawak, 10 - 14,244.1,122.8,121.4
2017,Sarawak, 15 - 19,257.6,132.4,125.2
2017,Sarawak, 20 - 24,287,155.2,131.9
2017,Sarawak, 25 - 29,269.2,144.9,124.3
2017,Sarawak, 30 - 34,218.5,114.7,103.8
2017,Sarawak, 35 - 39,183,96.7,86.4
2017,Sarawak, 40 - 44,166.4,86.3,80.2
2017,Sarawak, 45 - 49,159.2,82.9,76.3
2017,Sarawak, 50 - 54,144.6,76.4,68.2
2017,Sarawak, 55 - 59,123.5,65.2,58.3
2017,Sarawak, 60 - 64,99.9,52.6,47.2
2017,Sarawak, 65 - 69,72.8,37.3,35.5
2017,Sarawak, 70 - 74,51,26.2,24.8
2017,Sarawak, 75 - 79,32,15.6,16.4
2017,Sarawak, 80 - 84,19.6,9.5,10.1
2017,Sarawak, 85+,17.3,8.1,9.2
2017,W.P. Kuala Lumpur, 0 - 4,131,67.3,63.7
2017,W.P. Kuala Lumpur, 5 - 9,118.4,61.4,57
2017,W.P. Kuala Lumpur, 10 - 14,119.5,62.6,56.9
2017,W.P. Kuala Lumpur, 15 - 19,119,60.2,58.8
2017,W.P. Kuala Lumpur, 20 - 24,154.9,80,74.9
2017,W.P. Kuala Lumpur, 25 - 29,185.4,96,89.4
2017,W.P. Kuala Lumpur, 30 - 34,186.2,93.7,92.5
2017,W.P. Kuala Lumpur, 35 - 39,167.7,86.9,80.8
2017,W.P. Kuala Lumpur, 40 - 44,129.9,68.3,61.6
2017,W.P. Kuala Lumpur, 45 - 49,112.9,53.8,59.1
2017,W.P. Kuala Lumpur, 50 - 54,103.7,52.4,51.3
2017,W.P. Kuala Lumpur, 55 - 59,85.1,46.2,38.9
2017,W.P. Kuala Lumpur, 60 - 64,64.1,32.7,31.5
2017,W.P. Kuala Lumpur, 65 - 69,48,24.1,23.9
2017,W.P. Kuala Lumpur, 70 - 74,31.9,15.8,16.1
2017,W.P. Kuala Lumpur, 75 - 79,19.2,9.7,9.5
2017,W.P. Kuala Lumpur, 80 - 84,9.4,4.8,4.6
2017,W.P. Kuala Lumpur, 85+,6.8,3.5,3.3
2017,W.P. Labuan, 0 - 4,9.1,4.7,4.4
2017,W.P. Labuan, 5 - 9,8.9,4.5,4.4
2017,W.P. Labuan, 10 - 14,8.7,4.4,4.2
2017,W.P. Labuan, 15 - 19,8,3.9,4.1
2017,W.P. Labuan, 20 - 24,8.5,3.9,4.5
2017,W.P. Labuan, 25 - 29,9.2,4.5,4.7
2017,W.P. Labuan, 30 - 34,11,5.6,5.4
2017,W.P. Labuan, 35 - 39,8.7,4.5,4.2
2017,W.P. Labuan, 40 - 44,5.9,2.9,3
2017,W.P. Labuan, 45 - 49,5.2,2.6,2.7
2017,W.P. Labuan, 50 - 54,4.5,2.4,2.1
2017,W.P. Labuan, 55 - 59,3.7,2.1,1.6
2017,W.P. Labuan, 60 - 64,2.6,1.4,1.2
2017,W.P. Labuan, 65 - 69,1.5,0.8,0.7
2017,W.P. Labuan, 70 - 74,0.9,0.5,0.5
2017,W.P. Labuan, 75 - 79,0.5,0.3,0.3
2017,W.P. Labuan, 80 - 84,0.3,0.1,0.1
2017,W.P. Labuan, 85+,0.5,0.2,0.2
2017,W.P. Putrajaya, 0 - 4,14.4,7.5,6.8
2017,W.P. Putrajaya, 5 - 9,12.2,6.3,5.9
2017,W.P. Putrajaya, 10 - 14,7,3.2,3.7
2017,W.P. Putrajaya, 15 - 19,5.6,2.5,3
2017,W.P. Putrajaya, 20 - 24,4.1,2.1,2
2017,W.P. Putrajaya, 25 - 29,4.8,1.7,3.1
2017,W.P. Putrajaya, 30 - 34,11.3,4.2,7.1
2017,W.P. Putrajaya, 35 - 39,11.1,4.8,6.2
2017,W.P. Putrajaya, 40 - 44,5,2.4,2.6
2017,W.P. Putrajaya, 45 - 49,3.3,1.6,1.7
2017,W.P. Putrajaya, 50 - 54,3,1.6,1.5
2017,W.P. Putrajaya, 55 - 59,3,1.6,1.4
2017,W.P. Putrajaya, 60 - 64,1.8,0.9,0.9
2017,W.P. Putrajaya, 65 - 69,0.6,0.3,0.3
2017,W.P. Putrajaya, 70 - 74,0.2,0.1,0.1
2017,W.P. Putrajaya, 75 - 79,0.1,0.1,0
2017,W.P. Putrajaya, 80 - 84,0.1,0,0
2017,W.P. Putrajaya, 85+,0.2,0.1,0.1
2018,Johor, 0 - 4,298.9,154.5,144.4
2018,Johor, 5 - 9,289.8,150.9,138.9
2018,Johor, 10 - 14,295.7,152.2,143.5
2018,Johor, 15 - 19,327.6,171,156.6
2018,Johor, 20 - 24,360.9,197.6,163.3
2018,Johor, 25 - 29,344.8,193.3,151.5
2018,Johor, 30 - 34,323.4,176.1,147.2
2018,Johor, 35 - 39,288.3,154.4,134
2018,Johor, 40 - 44,235.9,126.1,109.8
2018,Johor, 45 - 49,217.9,111.6,106.2
2018,Johor, 50 - 54,196.6,100.8,95.8
2018,Johor, 55 - 59,171.9,89.5,82.4
2018,Johor, 60 - 64,137.9,68.6,69.3
2018,Johor, 65 - 69,102.4,51.4,51
2018,Johor, 70 - 74,69.7,34.8,34.9
2018,Johor, 75 - 79,42,20.6,21.4
2018,Johor, 80 - 84,25.7,12.5,13.2
2018,Johor, 85+,20,10.5,9.5
2018,Kedah, 0 - 4,182.3,94,88.3
2018,Kedah, 5 - 9,181.3,93.5,87.8
2018,Kedah, 10 - 14,172.4,88.6,83.9
2018,Kedah, 15 - 19,206.3,108.3,98.1
2018,Kedah, 20 - 24,226.8,121,105.9
2018,Kedah, 25 - 29,193.6,103.2,90.5
2018,Kedah, 30 - 34,155.2,79.1,76.1
2018,Kedah, 35 - 39,133.5,68.2,65.3
2018,Kedah, 40 - 44,122.4,61.2,61.2
2018,Kedah, 45 - 49,117.9,56.8,61.1
2018,Kedah, 50 - 54,113.8,55.5,58.3
2018,Kedah, 55 - 59,104.5,51,53.4
2018,Kedah, 60 - 64,87,41.4,45.6
2018,Kedah, 65 - 69,66.1,31.4,34.7
2018,Kedah, 70 - 74,43.8,20.7,23.1
2018,Kedah, 75 - 79,27.6,11.8,15.8
2018,Kedah, 80 - 84,16.4,7.1,9.3
2018,Kedah, 85+,11.6,5,6.7
2018,Kelantan, 0 - 4,196.1,100.1,96.1
2018,Kelantan, 5 - 9,188.3,97.5,90.8
2018,Kelantan, 10 - 14,174.5,91.6,83
2018,Kelantan, 15 - 19,190,98,92
2018,Kelantan, 20 - 24,202.9,104.9,98
2018,Kelantan, 25 - 29,175.7,94,81.8
2018,Kelantan, 30 - 34,114.7,61.4,53.4
2018,Kelantan, 35 - 39,100.6,53.1,47.5
2018,Kelantan, 40 - 44,86.4,41.5,44.9
2018,Kelantan, 45 - 49,86.4,39.5,46.9
2018,Kelantan, 50 - 54,85.3,39.5,45.8
2018,Kelantan, 55 - 59,78.9,36.8,42.1
2018,Kelantan, 60 - 64,62.5,28.9,33.6
2018,Kelantan, 65 - 69,47.5,22.4,25
2018,Kelantan, 70 - 74,32.7,14.8,17.9
2018,Kelantan, 75 - 79,19.6,8.4,11.2
2018,Kelantan, 80 - 84,9.8,4.1,5.8
2018,Kelantan, 85+,8.4,3.6,4.8
2018,Melaka, 0 - 4,72,37.1,34.8
2018,Melaka, 5 - 9,68.8,34.5,34.2
2018,Melaka, 10 - 14,70.9,35.8,35.1
2018,Melaka, 15 - 19,77,40.5,36.4
2018,Melaka, 20 - 24,97.2,50.3,46.9
2018,Melaka, 25 - 29,99.6,51.7,48
2018,Melaka, 30 - 34,75.4,38.2,37.1
2018,Melaka, 35 - 39,60.9,30.6,30.3
2018,Melaka, 40 - 44,48.3,24.3,23.9
2018,Melaka, 45 - 49,48.4,23,25.4
2018,Melaka, 50 - 54,49.5,23.4,26.1
2018,Melaka, 55 - 59,44.7,22.2,22.5
2018,Melaka, 60 - 64,35.8,17.2,18.6
2018,Melaka, 65 - 69,28.5,13.4,15.1
2018,Melaka, 70 - 74,20.5,9.3,11.2
2018,Melaka, 75 - 79,12.2,5.8,6.4
2018,Melaka, 80 - 84,7.1,3.3,3.8
2018,Melaka, 85+,5.8,2.8,3
2018,Negeri Sembilan, 0 - 4,89.7,46.5,43.2
2018,Negeri Sembilan, 5 - 9,82,41.1,40.8
2018,Negeri Sembilan, 10 - 14,88,45.6,42.4
2018,Negeri Sembilan, 15 - 19,104.7,57.1,47.7
2018,Negeri Sembilan, 20 - 24,116.1,62.5,53.6
2018,Negeri Sembilan, 25 - 29,110.4,61.4,49
2018,Negeri Sembilan, 30 - 34,92.8,50.7,42.2
2018,Negeri Sembilan, 35 - 39,71.6,37.7,33.9
2018,Negeri Sembilan, 40 - 44,62.6,31.5,31.1
2018,Negeri Sembilan, 45 - 49,58.5,28.7,29.8
2018,Negeri Sembilan, 50 - 54,57.4,27.4,30
2018,Negeri Sembilan, 55 - 59,55,26.6,28.4
2018,Negeri Sembilan, 60 - 64,48,23,25.1
2018,Negeri Sembilan, 65 - 69,35.5,17.6,17.9
2018,Negeri Sembilan, 70 - 74,22.5,10.7,11.9
2018,Negeri Sembilan, 75 - 79,14,6.4,7.6
2018,Negeri Sembilan, 80 - 84,8.4,3.9,4.6
2018,Negeri Sembilan, 85+,5.6,2.6,3
2018,Pahang, 0 - 4,140.2,72.2,68
2018,Pahang, 5 - 9,139.6,72.6,67
2018,Pahang, 10 - 14,144.1,76.2,67.9
2018,Pahang, 15 - 19,151.7,80.8,70.9
2018,Pahang, 20 - 24,168.2,92.9,75.2
2018,Pahang, 25 - 29,164.2,93.3,70.8
2018,Pahang, 30 - 34,139.4,78.5,60.9
2018,Pahang, 35 - 39,122.4,68.7,53.8
2018,Pahang, 40 - 44,87.4,47.6,39.8
2018,Pahang, 45 - 49,81.4,41.4,40
2018,Pahang, 50 - 54,77.8,39,38.8
2018,Pahang, 55 - 59,72.8,35.9,37
2018,Pahang, 60 - 64,59.7,30,29.7
2018,Pahang, 65 - 69,46.5,23.3,23.2
2018,Pahang, 70 - 74,32.3,16,16.3
2018,Pahang, 75 - 79,17.9,8.9,9
2018,Pahang, 80 - 84,10.8,5.2,5.6
2018,Pahang, 85+,8.3,4.3,4
2018,Penang, 0 - 4,111.2,57,54.2
2018,Penang, 5 - 9,113.3,59.6,53.7
2018,Penang, 10 - 14,116.7,60.2,56.5
2018,Penang, 15 - 19,132.3,66.3,66.1
2018,Penang, 20 - 24,172.2,87.3,85
2018,Penang, 25 - 29,176.9,89.9,87
2018,Penang, 30 - 34,159.3,79.7,79.5
2018,Penang, 35 - 39,139.5,70.9,68.7
2018,Penang, 40 - 44,118.4,60.2,58.2
2018,Penang, 45 - 49,111.6,55.8,55.8
2018,Penang, 50 - 54,100.9,49.8,51
2018,Penang, 55 - 59,87.8,43.8,43.9
2018,Penang, 60 - 64,75.4,36.7,38.8
2018,Penang, 65 - 69,58.6,28.1,30.5
2018,Penang, 70 - 74,41.5,19.7,21.8
2018,Penang, 75 - 79,24.4,11,13.3
2018,Penang, 80 - 84,14.5,6.6,8
2018,Penang, 85+,8.3,4,4.3
2018,Perak, 0 - 4,172.9,88.3,84.6
2018,Perak, 5 - 9,175.4,89.3,86
2018,Perak, 10 - 14,193.6,97.7,95.9
2018,Perak, 15 - 19,234.7,117.5,117.3
2018,Perak, 20 - 24,253.4,129.4,124
2018,Perak, 25 - 29,233.7,125.7,108
2018,Perak, 30 - 34,184.3,99.6,84.8
2018,Perak, 35 - 39,143.4,73,70.4
2018,Perak, 40 - 44,132.8,68.1,64.7
2018,Perak, 45 - 49,133.6,65.2,68.3
2018,Perak, 50 - 54,139.2,67.6,71.7
2018,Perak, 55 - 59,133.7,67,66.7
2018,Perak, 60 - 64,116.6,57.4,59.3
2018,Perak, 65 - 69,96.3,46.3,50
2018,Perak, 70 - 74,69.7,33,36.7
2018,Perak, 75 - 79,43.3,20.2,23.1
2018,Perak, 80 - 84,29,12.6,16.5
2018,Perak, 85+,17.7,8.9,8.8
2018,Perlis, 0 - 4,21.7,11.3,10.5
2018,Perlis, 5 - 9,20.8,10.6,10.2
2018,Perlis, 10 - 14,19.4,9.9,9.5
2018,Perlis, 15 - 19,20.5,10.1,10.3
2018,Perlis, 20 - 24,25.6,12.5,13.1
2018,Perlis, 25 - 29,27.9,14.9,13
2018,Perlis, 30 - 34,19.8,10.5,9.3
2018,Perlis, 35 - 39,14.8,7.5,7.3
2018,Perlis, 40 - 44,12.1,5.4,6.6
2018,Perlis, 45 - 49,11.9,5.6,6.2
2018,Perlis, 50 - 54,13.4,6.4,7
2018,Perlis, 55 - 59,12.5,6,6.5
2018,Perlis, 60 - 64,10.8,5.1,5.7
2018,Perlis, 65 - 69,8.6,4.1,4.5
2018,Perlis, 70 - 74,6,2.8,3.1
2018,Perlis, 75 - 79,3.8,1.7,2.1
2018,Perlis, 80 - 84,2.3,1,1.3
2018,Perlis, 85+,1.8,0.7,1
2018,Selangor, 0 - 4,530.1,274.6,255.5
2018,Selangor, 5 - 9,509.5,269,240.4
2018,Selangor, 10 - 14,473.4,242.1,231.4
2018,Selangor, 15 - 19,469.9,242.3,227.6
2018,Selangor, 20 - 24,560.9,297,263.9
2018,Selangor, 25 - 29,675.4,359.5,315.9
2018,Selangor, 30 - 34,719,370.4,348.6
2018,Selangor, 35 - 39,601.5,312,289.5
2018,Selangor, 40 - 44,452.9,238.7,214.2
2018,Selangor, 45 - 49,382.4,197.8,184.5
2018,Selangor, 50 - 54,319.8,166.5,153.2
2018,Selangor, 55 - 59,261.5,136.9,124.7
2018,Selangor, 60 - 64,195,100.1,94.9
2018,Selangor, 65 - 69,142.6,71.2,71.5
2018,Selangor, 70 - 74,92.3,43.5,48.9
2018,Selangor, 75 - 79,45,21.9,23.1
2018,Selangor, 80 - 84,25,11.9,13.1
2018,Selangor, 85+,18.8,9.5,9.3
2018,Terengganu, 0 - 4,135.8,70.2,65.6
2018,Terengganu, 5 - 9,122.7,62.4,60.3
2018,Terengganu, 10 - 14,113.6,58.4,55.1
2018,Terengganu, 15 - 19,121.6,62.4,59.2
2018,Terengganu, 20 - 24,125.7,64.4,61.3
2018,Terengganu, 25 - 29,118.5,62.2,56.3
2018,Terengganu, 30 - 34,92.1,49.8,42.4
2018,Terengganu, 35 - 39,69.2,36.6,32.5
2018,Terengganu, 40 - 44,59.7,29.5,30.2
2018,Terengganu, 45 - 49,57.1,27.6,29.4
2018,Terengganu, 50 - 54,55.4,26.7,28.8
2018,Terengganu, 55 - 59,50.2,24.7,25.5
2018,Terengganu, 60 - 64,38.8,18.8,20
2018,Terengganu, 65 - 69,27.7,13.7,14
2018,Terengganu, 70 - 74,18.5,8.7,9.8
2018,Terengganu, 75 - 79,11.9,5.3,6.6
2018,Terengganu, 80 - 84,5.2,2.4,2.8
2018,Terengganu, 85+,4.7,2.2,2.5
2018,Sabah, 0 - 4,301.5,156.2,145.3
2018,Sabah, 5 - 9,310.2,158.1,152.1
2018,Sabah, 10 - 14,312,159.7,152.3
2018,Sabah, 15 - 19,440.8,233,207.8
2018,Sabah, 20 - 24,473.1,246.1,227
2018,Sabah, 25 - 29,489.6,255.9,233.7
2018,Sabah, 30 - 34,370.4,196.4,174.1
2018,Sabah, 35 - 39,308.4,163.1,145.3
2018,Sabah, 40 - 44,221.5,116.3,105.2
2018,Sabah, 45 - 49,181,95,85.9
2018,Sabah, 50 - 54,151.4,79.8,71.5
2018,Sabah, 55 - 59,121.8,64.4,57.4
2018,Sabah, 60 - 64,88,46.9,41.1
2018,Sabah, 65 - 69,54.2,28,26.2
2018,Sabah, 70 - 74,33.4,16.7,16.8
2018,Sabah, 75 - 79,21.2,10.4,10.8
2018,Sabah, 80 - 84,10.9,5,5.9
2018,Sabah, 85+,9,4.7,4.3
2018,Sarawak, 0 - 4,193.6,99.9,93.7
2018,Sarawak, 5 - 9,217.3,111.5,105.8
2018,Sarawak, 10 - 14,240.5,120.7,119.8
2018,Sarawak, 15 - 19,259,133.3,125.7
2018,Sarawak, 20 - 24,285.9,154.4,131.4
2018,Sarawak, 25 - 29,278.2,150.1,128.1
2018,Sarawak, 30 - 34,223.5,117.1,106.4
2018,Sarawak, 35 - 39,189.2,99.4,89.9
2018,Sarawak, 40 - 44,164.4,85.2,79.2
2018,Sarawak, 45 - 49,160.2,83,77.3
2018,Sarawak, 50 - 54,146.6,76.9,69.7
2018,Sarawak, 55 - 59,127.7,67.3,60.5
2018,Sarawak, 60 - 64,103.3,54.7,48.6
2018,Sarawak, 65 - 69,76.3,39,37.3
2018,Sarawak, 70 - 74,53.4,27.5,25.9
2018,Sarawak, 75 - 79,34.3,16.8,17.5
2018,Sarawak, 80 - 84,19.9,9.5,10.4
2018,Sarawak, 85+,18.3,8.7,9.6
2018,W.P. Kuala Lumpur, 0 - 4,126.3,65,61.3
2018,W.P. Kuala Lumpur, 5 - 9,119.1,62.3,56.8
2018,W.P. Kuala Lumpur, 10 - 14,118.6,61.9,56.7
2018,W.P. Kuala Lumpur, 15 - 19,121.4,61.9,59.5
2018,W.P. Kuala Lumpur, 20 - 24,147.8,76.4,71.4
2018,W.P. Kuala Lumpur, 25 - 29,179.4,94.3,85
2018,W.P. Kuala Lumpur, 30 - 34,179,90.2,88.8
2018,W.P. Kuala Lumpur, 35 - 39,172,88.2,83.8
2018,W.P. Kuala Lumpur, 40 - 44,134.3,70.5,63.8
2018,W.P. Kuala Lumpur, 45 - 49,111.8,55.1,56.7
2018,W.P. Kuala Lumpur, 50 - 54,104.5,50.2,54.3
2018,W.P. Kuala Lumpur, 55 - 59,87.8,48.2,39.6
2018,W.P. Kuala Lumpur, 60 - 64,66.6,34.3,32.4
2018,W.P. Kuala Lumpur, 65 - 69,49.6,24.7,24.9
2018,W.P. Kuala Lumpur, 70 - 74,34.4,17.1,17.3
2018,W.P. Kuala Lumpur, 75 - 79,19.9,9.7,10.2
2018,W.P. Kuala Lumpur, 80 - 84,10.6,5.6,5
2018,W.P. Kuala Lumpur, 85+,6.8,3.6,3.3
2018,W.P. Labuan, 0 - 4,9,4.6,4.3
2018,W.P. Labuan, 5 - 9,8.8,4.5,4.3
2018,W.P. Labuan, 10 - 14,8.7,4.5,4.3
2018,W.P. Labuan, 15 - 19,8.1,4,4.1
2018,W.P. Labuan, 20 - 24,8.3,3.9,4.4
2018,W.P. Labuan, 25 - 29,9.2,4.4,4.8
2018,W.P. Labuan, 30 - 34,10.3,5.2,5.1
2018,W.P. Labuan, 35 - 39,9.9,5.1,4.8
2018,W.P. Labuan, 40 - 44,5.9,3,2.9
2018,W.P. Labuan, 45 - 49,5.4,2.6,2.8
2018,W.P. Labuan, 50 - 54,4.6,2.4,2.2
2018,W.P. Labuan, 55 - 59,3.8,2.1,1.7
2018,W.P. Labuan, 60 - 64,2.8,1.5,1.3
2018,W.P. Labuan, 65 - 69,1.7,0.9,0.8
2018,W.P. Labuan, 70 - 74,1,0.5,0.5
2018,W.P. Labuan, 75 - 79,0.6,0.3,0.3
2018,W.P. Labuan, 80 - 84,0.3,0.2,0.1
2018,W.P. Labuan, 85+,0.5,0.2,0.3
2018,W.P. Putrajaya, 0 - 4,13.9,7.1,6.8
2018,W.P. Putrajaya, 5 - 9,13.7,7.2,6.5
2018,W.P. Putrajaya, 10 - 14,7.8,3.8,4
2018,W.P. Putrajaya, 15 - 19,6.3,2.8,3.5
2018,W.P. Putrajaya, 20 - 24,7.4,3.5,4
2018,W.P. Putrajaya, 25 - 29,4.6,2.7,1.9
2018,W.P. Putrajaya, 30 - 34,10.1,3,7.1
2018,W.P. Putrajaya, 35 - 39,13.4,5.7,7.7
2018,W.P. Putrajaya, 40 - 44,6,2.8,3.1
2018,W.P. Putrajaya, 45 - 49,3.6,1.7,1.9
2018,W.P. Putrajaya, 50 - 54,3.5,1.7,1.8
2018,W.P. Putrajaya, 55 - 59,3.3,1.8,1.5
2018,W.P. Putrajaya, 60 - 64,2.2,1.1,1.2
2018,W.P. Putrajaya, 65 - 69,0.9,0.6,0.3
2018,W.P. Putrajaya, 70 - 74,0.2,0.1,0.1
2018,W.P. Putrajaya, 75 - 79,0.1,0.1,0
2018,W.P. Putrajaya, 80 - 84,0.1,0,0
2018,W.P. Putrajaya, 85+,0.1,0.1,0.1
2019e,Johor, 0 - 4,300.3,155.3,145.1
2019e,Johor, 5 - 9,288.6,150,138.7
2019e,Johor, 10 - 14,288.6,148.7,140
2019e,Johor, 15 - 19,325,168.9,156.1
2019e,Johor, 20 - 24,365.5,201.2,164.3
2019e,Johor, 25 - 29,344.4,192.9,151.6
2019e,Johor, 30 - 34,321.2,176,145.2
2019e,Johor, 35 - 39,295.8,157.4,138.4
2019e,Johor, 40 - 44,237.9,127.3,110.6
2019e,Johor, 45 - 49,217.2,111.8,105.4
2019e,Johor, 50 - 54,196,99.5,96.5
2019e,Johor, 55 - 59,173,90.2,82.8
2019e,Johor, 60 - 64,141.6,70.2,71.4
2019e,Johor, 65 - 69,104.7,52.2,52.6
2019e,Johor, 70 - 74,73.7,36.6,37.1
2019e,Johor, 75 - 79,42.7,20.8,21.9
2019e,Johor, 80 - 84,27.3,13.3,14
2019e,Johor, 85+,20.6,11.1,9.5
2019e,Kedah, 0 - 4,181.3,93.7,87.7
2019e,Kedah, 5 - 9,181.2,93.2,88
2019e,Kedah, 10 - 14,171.7,88.3,83.4
2019e,Kedah, 15 - 19,200,104.8,95.3
2019e,Kedah, 20 - 24,229.9,123.2,106.7
2019e,Kedah, 25 - 29,200.6,107.3,93.3
2019e,Kedah, 30 - 34,158.6,81,77.6
2019e,Kedah, 35 - 39,135.9,68.9,66.9
2019e,Kedah, 40 - 44,122.5,61.6,60.9
2019e,Kedah, 45 - 49,117.5,56.9,60.6
2019e,Kedah, 50 - 54,113.5,54.9,58.6
2019e,Kedah, 55 - 59,105.6,51.7,53.9
2019e,Kedah, 60 - 64,89.4,42.5,47
2019e,Kedah, 65 - 69,68.6,32.2,36.3
2019e,Kedah, 70 - 74,47,22.3,24.7
2019e,Kedah, 75 - 79,27.2,11.6,15.6
2019e,Kedah, 80 - 84,18.1,7.7,10.4
2019e,Kedah, 85+,11.9,5.2,6.7
2019e,Kelantan, 0 - 4,196,100.7,95.3
2019e,Kelantan, 5 - 9,190.8,98,92.7
2019e,Kelantan, 10 - 14,175.2,92.5,82.7
2019e,Kelantan, 15 - 19,187.3,96.6,90.7
2019e,Kelantan, 20 - 24,198.4,102.6,95.8
2019e,Kelantan, 25 - 29,191.1,102,89.2
2019e,Kelantan, 30 - 34,119.4,64,55.4
2019e,Kelantan, 35 - 39,104.1,55.3,48.8
2019e,Kelantan, 40 - 44,86.8,42.3,44.5
2019e,Kelantan, 45 - 49,85.4,39.1,46.4
2019e,Kelantan, 50 - 54,84.5,39.1,45.3
2019e,Kelantan, 55 - 59,79.7,37.1,42.6
2019e,Kelantan, 60 - 64,64.9,29.8,35.1
2019e,Kelantan, 65 - 69,48.3,22.5,25.8
2019e,Kelantan, 70 - 74,35,16,19
2019e,Kelantan, 75 - 79,19.5,8.2,11.4
2019e,Kelantan, 80 - 84,10.7,4.4,6.3
2019e,Kelantan, 85+,8.5,3.7,4.8
2019e,Melaka, 0 - 4,72.3,37.1,35.2
2019e,Melaka, 5 - 9,68.9,34.8,34.1
2019e,Melaka, 10 - 14,70.2,35.3,34.9
2019e,Melaka, 15 - 19,76.6,40.4,36.2
2019e,Melaka, 20 - 24,93.6,48.8,44.8
2019e,Melaka, 25 - 29,103.1,53.3,49.7
2019e,Melaka, 30 - 34,77.6,39.7,37.8
2019e,Melaka, 35 - 39,63.6,31.6,32
2019e,Melaka, 40 - 44,48.8,24.6,24.2
2019e,Melaka, 45 - 49,47.3,23,24.3
2019e,Melaka, 50 - 54,49.3,22.8,26.5
2019e,Melaka, 55 - 59,45.5,22.6,22.9
2019e,Melaka, 60 - 64,37,17.7,19.3
2019e,Melaka, 65 - 69,28.8,13.6,15.2
2019e,Melaka, 70 - 74,22.1,9.9,12.2
2019e,Melaka, 75 - 79,12.5,5.9,6.6
2019e,Melaka, 80 - 84,7.6,3.6,4.1
2019e,Melaka, 85+,6,2.9,3.1
2019e,Negeri Sembilan, 0 - 4,89.5,46,43.5
2019e,Negeri Sembilan, 5 - 9,82.3,41.9,40.4
2019e,Negeri Sembilan, 10 - 14,84.9,43.6,41.3
2019e,Negeri Sembilan, 15 - 19,104.4,56.8,47.7
2019e,Negeri Sembilan, 20 - 24,115.2,62,53.3
2019e,Negeri Sembilan, 25 - 29,112,62,49.9
2019e,Negeri Sembilan, 30 - 34,96.2,53.2,43
2019e,Negeri Sembilan, 35 - 39,73.5,38.5,35
2019e,Negeri Sembilan, 40 - 44,62.7,31.7,31
2019e,Negeri Sembilan, 45 - 49,58.6,28.8,29.8
2019e,Negeri Sembilan, 50 - 54,56.7,27,29.7
2019e,Negeri Sembilan, 55 - 59,54.9,26.4,28.5
2019e,Negeri Sembilan, 60 - 64,48.7,23,25.8
2019e,Negeri Sembilan, 65 - 69,37.3,18.4,19
2019e,Negeri Sembilan, 70 - 74,24.2,11.5,12.7
2019e,Negeri Sembilan, 75 - 79,14.3,6.5,7.8
2019e,Negeri Sembilan, 80 - 84,9,4,4.9
2019e,Negeri Sembilan, 85+,6,2.8,3.1
2019e,Pahang, 0 - 4,138.8,71.3,67.5
2019e,Pahang, 5 - 9,136.8,71,65.8
2019e,Pahang, 10 - 14,143.4,75.8,67.6
2019e,Pahang, 15 - 19,149.7,80.3,69.4
2019e,Pahang, 20 - 24,166,91,75
2019e,Pahang, 25 - 29,170.5,96.8,73.7
2019e,Pahang, 30 - 34,138.5,77.3,61.2
2019e,Pahang, 35 - 39,129.2,72,57.2
2019e,Pahang, 40 - 44,88.5,48.6,39.9
2019e,Pahang, 45 - 49,80.9,41.3,39.5
2019e,Pahang, 50 - 54,76.9,38.6,38.3
2019e,Pahang, 55 - 59,73.1,35.7,37.4
2019e,Pahang, 60 - 64,61.6,30.7,30.9
2019e,Pahang, 65 - 69,47,23.4,23.6
2019e,Pahang, 70 - 74,35.1,17.2,17.9
2019e,Pahang, 75 - 79,18.1,9,9
2019e,Pahang, 80 - 84,11.8,5.6,6.2
2019e,Pahang, 85+,8.8,4.7,4.1
2019e,Penang, 0 - 4,108.8,55.7,53.1
2019e,Penang, 5 - 9,111.7,58.8,52.8
2019e,Penang, 10 - 14,115.1,59.9,55.2
2019e,Penang, 15 - 19,130.5,65.3,65.2
2019e,Penang, 20 - 24,171.8,87,84.8
2019e,Penang, 25 - 29,181,92.8,88.2
2019e,Penang, 30 - 34,158.7,78.8,79.9
2019e,Penang, 35 - 39,144.9,73.5,71.4
2019e,Penang, 40 - 44,118.3,60.5,57.9
2019e,Penang, 45 - 49,112.1,56.3,55.8
2019e,Penang, 50 - 54,102.5,50.7,51.8
2019e,Penang, 55 - 59,88.8,44.3,44.6
2019e,Penang, 60 - 64,77.3,37.7,39.6
2019e,Penang, 65 - 69,59.7,28.3,31.4
2019e,Penang, 70 - 74,44.3,21,23.3
2019e,Penang, 75 - 79,25.1,11.3,13.8
2019e,Penang, 80 - 84,15.7,7,8.7
2019e,Penang, 85+,8.5,4.2,4.3
2019e,Perak, 0 - 4,171.6,88.2,83.4
2019e,Perak, 5 - 9,172,87.1,84.9
2019e,Perak, 10 - 14,186,94.2,91.8
2019e,Perak, 15 - 19,229.6,114.5,115.1
2019e,Perak, 20 - 24,253.1,129.7,123.4
2019e,Perak, 25 - 29,240.9,127.4,113.5
2019e,Perak, 30 - 34,194.2,106.6,87.6
2019e,Perak, 35 - 39,146.4,74.5,71.9
2019e,Perak, 40 - 44,132.5,68.1,64.4
2019e,Perak, 45 - 49,130.2,64.2,65.9
2019e,Perak, 50 - 54,137,65.9,71.2
2019e,Perak, 55 - 59,133.5,66.8,66.8
2019e,Perak, 60 - 64,119.1,58.5,60.6
2019e,Perak, 65 - 69,97.7,46.9,50.8
2019e,Perak, 70 - 74,74.6,35,39.6
2019e,Perak, 75 - 79,43.7,20.6,23.2
2019e,Perak, 80 - 84,30.8,13.2,17.6
2019e,Perak, 85+,19.2,9.7,9.6
2019e,Perlis, 0 - 4,22,11.3,10.6
2019e,Perlis, 5 - 9,20.6,10.4,10.1
2019e,Perlis, 10 - 14,19.5,9.9,9.6
2019e,Perlis, 15 - 19,20.3,10,10.3
2019e,Perlis, 20 - 24,23.1,11.4,11.8
2019e,Perlis, 25 - 29,29.3,15.3,14
2019e,Perlis, 30 - 34,20.9,11.4,9.5
2019e,Perlis, 35 - 39,15.5,8,7.5
2019e,Perlis, 40 - 44,12.2,5.5,6.7
2019e,Perlis, 45 - 49,11.3,5.3,5.9
2019e,Perlis, 50 - 54,13.1,6.3,6.8
2019e,Perlis, 55 - 59,12.5,6,6.5
2019e,Perlis, 60 - 64,10.9,5.1,5.8
2019e,Perlis, 65 - 69,8.8,4.1,4.6
2019e,Perlis, 70 - 74,6.3,3,3.3
2019e,Perlis, 75 - 79,3.8,1.7,2.1
2019e,Perlis, 80 - 84,2.5,1.1,1.4
2019e,Perlis, 85+,1.8,0.8,1
2019e,Selangor, 0 - 4,519.2,268.4,250.8
2019e,Selangor, 5 - 9,508.1,269.1,239
2019e,Selangor, 10 - 14,472.7,242.9,229.8
2019e,Selangor, 15 - 19,477.7,246.8,230.9
2019e,Selangor, 20 - 24,563.8,300.7,263.1
2019e,Selangor, 25 - 29,648.7,348.1,300.6
2019e,Selangor, 30 - 34,719.2,370.3,349
2019e,Selangor, 35 - 39,628.3,323.3,305
2019e,Selangor, 40 - 44,463,244.3,218.7
2019e,Selangor, 45 - 49,390.4,202.4,188.1
2019e,Selangor, 50 - 54,324.1,167.9,156.3
2019e,Selangor, 55 - 59,268.9,140.3,128.6
2019e,Selangor, 60 - 64,203.7,104.4,99.3
2019e,Selangor, 65 - 69,146.4,73.7,72.7
2019e,Selangor, 70 - 74,101.7,47.6,54.1
2019e,Selangor, 75 - 79,47,22.9,24.2
2019e,Selangor, 80 - 84,27,12.7,14.3
2019e,Selangor, 85+,18.6,9.7,8.8
2019e,Terengganu, 0 - 4,138.2,71.7,66.5
2019e,Terengganu, 5 - 9,124.6,63,61.5
2019e,Terengganu, 10 - 14,113.7,58.5,55.2
2019e,Terengganu, 15 - 19,121.5,62.5,59
2019e,Terengganu, 20 - 24,123.5,62.9,60.6
2019e,Terengganu, 25 - 29,121.2,63,58.2
2019e,Terengganu, 30 - 34,96.8,52.1,44.7
2019e,Terengganu, 35 - 39,72.2,38.6,33.6
2019e,Terengganu, 40 - 44,60.3,30.1,30.2
2019e,Terengganu, 45 - 49,57,27.5,29.5
2019e,Terengganu, 50 - 54,55.1,26.4,28.8
2019e,Terengganu, 55 - 59,50.9,25.1,25.9
2019e,Terengganu, 60 - 64,40.4,19.5,20.9
2019e,Terengganu, 65 - 69,28.5,13.9,14.7
2019e,Terengganu, 70 - 74,19.5,9.3,10.2
2019e,Terengganu, 75 - 79,12.1,5.4,6.7
2019e,Terengganu, 80 - 84,5.5,2.6,3
2019e,Terengganu, 85+,4.7,2.2,2.5
2019e,Sabah, 0 - 4,290.8,150.9,139.9
2019e,Sabah, 5 - 9,293.2,149.8,143.4
2019e,Sabah, 10 - 14,307.1,157,150.1
2019e,Sabah, 15 - 19,443.1,235.2,207.9
2019e,Sabah, 20 - 24,471.9,246.7,225.3
2019e,Sabah, 25 - 29,498.6,262.4,236.2
2019e,Sabah, 30 - 34,371.4,197,174.4
2019e,Sabah, 35 - 39,319.7,169,150.7
2019e,Sabah, 40 - 44,225.3,118.6,106.7
2019e,Sabah, 45 - 49,181.5,95.4,86.1
2019e,Sabah, 50 - 54,151,79.4,71.7
2019e,Sabah, 55 - 59,123.4,64.9,58.6
2019e,Sabah, 60 - 64,92.3,49.1,43.2
2019e,Sabah, 65 - 69,57.7,30,27.7
2019e,Sabah, 70 - 74,34.2,17,17.2
2019e,Sabah, 75 - 79,21.9,10.8,11.1
2019e,Sabah, 80 - 84,11.5,5.3,6.2
2019e,Sabah, 85+,8.8,4.6,4.2
2019e,Sarawak, 0 - 4,188.8,97.6,91.2
2019e,Sarawak, 5 - 9,207.3,107.1,100.2
2019e,Sarawak, 10 - 14,236.5,119,117.5
2019e,Sarawak, 15 - 19,261.6,133.9,127.7
2019e,Sarawak, 20 - 24,284.6,153.7,130.9
2019e,Sarawak, 25 - 29,286.7,156,130.7
2019e,Sarawak, 30 - 34,229.7,119.7,110.1
2019e,Sarawak, 35 - 39,196.2,103.3,92.9
2019e,Sarawak, 40 - 44,162.1,84,78.1
2019e,Sarawak, 45 - 49,160.8,82.8,78
2019e,Sarawak, 50 - 54,148.6,77.3,71.3
2019e,Sarawak, 55 - 59,131.3,69.3,62
2019e,Sarawak, 60 - 64,106,56.1,49.8
2019e,Sarawak, 65 - 69,80.6,41.4,39.2
2019e,Sarawak, 70 - 74,56.1,28.7,27.4
2019e,Sarawak, 75 - 79,36.8,18,18.8
2019e,Sarawak, 80 - 84,20.1,9.7,10.4
2019e,Sarawak, 85+,19.1,9.3,9.9
2019e,W.P. Kuala Lumpur, 0 - 4,119.2,61.1,58.1
2019e,W.P. Kuala Lumpur, 5 - 9,113,59.8,53.2
2019e,W.P. Kuala Lumpur, 10 - 14,117.4,61.3,56.1
2019e,W.P. Kuala Lumpur, 15 - 19,123.6,63.1,60.5
2019e,W.P. Kuala Lumpur, 20 - 24,142.8,73.9,68.8
2019e,W.P. Kuala Lumpur, 25 - 29,174.1,92.6,81.5
2019e,W.P. Kuala Lumpur, 30 - 34,174.4,88.5,85.9
2019e,W.P. Kuala Lumpur, 35 - 39,174.5,88.8,85.6
2019e,W.P. Kuala Lumpur, 40 - 44,139.3,72.7,66.6
2019e,W.P. Kuala Lumpur, 45 - 49,111.4,56.9,54.5
2019e,W.P. Kuala Lumpur, 50 - 54,104.4,48.3,56.1
2019e,W.P. Kuala Lumpur, 55 - 59,90.1,49.4,40.7
2019e,W.P. Kuala Lumpur, 60 - 64,69,35.9,33.1
2019e,W.P. Kuala Lumpur, 65 - 69,51.2,25.4,25.8
2019e,W.P. Kuala Lumpur, 70 - 74,36.7,18.4,18.4
2019e,W.P. Kuala Lumpur, 75 - 79,21,10,11
2019e,W.P. Kuala Lumpur, 80 - 84,11.7,6.2,5.4
2019e,W.P. Kuala Lumpur, 85+,7,3.7,3.2
2019e,W.P. Labuan, 0 - 4,8.9,4.6,4.3
2019e,W.P. Labuan, 5 - 9,8.4,4.3,4.1
2019e,W.P. Labuan, 10 - 14,8.7,4.5,4.3
2019e,W.P. Labuan, 15 - 19,8.3,4.1,4.2
2019e,W.P. Labuan, 20 - 24,8.2,3.8,4.3
2019e,W.P. Labuan, 25 - 29,9.2,4.4,4.8
2019e,W.P. Labuan, 30 - 34,9.6,4.8,4.8
2019e,W.P. Labuan, 35 - 39,10.7,5.6,5.1
2019e,W.P. Labuan, 40 - 44,6.1,3.1,3
2019e,W.P. Labuan, 45 - 49,5.4,2.6,2.8
2019e,W.P. Labuan, 50 - 54,4.5,2.3,2.2
2019e,W.P. Labuan, 55 - 59,3.9,2.2,1.8
2019e,W.P. Labuan, 60 - 64,2.9,1.6,1.3
2019e,W.P. Labuan, 65 - 69,1.8,0.9,0.9
2019e,W.P. Labuan, 70 - 74,1.1,0.6,0.5
2019e,W.P. Labuan, 75 - 79,0.6,0.3,0.3
2019e,W.P. Labuan, 80 - 84,0.3,0.2,0.2
2019e,W.P. Labuan, 85+,0.5,0.3,0.3
2019e,W.P. Putrajaya, 0 - 4,12.9,6.4,6.5
2019e,W.P. Putrajaya, 5 - 9,14.5,7.7,6.8
2019e,W.P. Putrajaya, 10 - 14,9,4.6,4.4
2019e,W.P. Putrajaya, 15 - 19,6.8,3,3.8
2019e,W.P. Putrajaya, 20 - 24,8.9,3.9,5
2019e,W.P. Putrajaya, 25 - 29,6.1,3.6,2.5
2019e,W.P. Putrajaya, 30 - 34,8.4,2.1,6.3
2019e,W.P. Putrajaya, 35 - 39,14.6,6,8.6
2019e,W.P. Putrajaya, 40 - 44,7.3,3.4,3.9
2019e,W.P. Putrajaya, 45 - 49,4,1.8,2.2
2019e,W.P. Putrajaya, 50 - 54,3.7,1.7,2.1
2019e,W.P. Putrajaya, 55 - 59,3.5,1.9,1.6
2019e,W.P. Putrajaya, 60 - 64,2.6,1.3,1.3
2019e,W.P. Putrajaya, 65 - 69,1,0.6,0.4
2019e,W.P. Putrajaya, 70 - 74,0.3,0.2,0.1
2019e,W.P. Putrajaya, 75 - 79,0.1,0,0
2019e,W.P. Putrajaya, 80 - 84,0.1,0.1,0
2019e,W.P. Putrajaya, 85+,0.1,0.1,0.1
